Location;Borough
Millbank (south of Thorney Street);Westminster
Bishopsgate;City of London
Southwark Bridge;Southwark
Southwark Bridge Road;Southwark
Tooley Street;Southwark
Southwark Bridge Road (north - between Flat Iron Square and America Street);Southwark
Albert Embankment (south of Salamanca Street);Lambeth
Strand;Westminster
Charing Cross Road;Westminster
Lambeth Palace Road;Lambeth
Whitehall (south of Horse Guards Avenue);Westminster
Westminster Bridge;Lambeth
Victoria Embankment (by Cleopatra's Needle);Westminster
Victoria Embankment (between Derby Gate and Westminster Bridge);Westminster
Millbank (north of Great Peter Street);Westminster
Lambeth Bridge;Westminster
Waterloo Bridge;Lambeth
Victoria Street;Westminster
Bridge Street;Westminster
Pall Mall;Westminster
Buckingham Palace Road;Westminster
Northumberland Avenue;Westminster
Kennington Road (north);Lambeth
Lambeth Road;Lambeth
Kennington Road (south of Brook Drive);Lambeth
Westminster Bridge Road;Lambeth
Waterloo Road;Southwark
Blackfriars Road (Southwark station);Southwark
Temple;City of London
Blackfriars Bridge;City of London
London Bridge;City of London
Borough High Street;Southwark
Bermondsey Street;Southwark
London Road;Southwark
Southwark Street;Southwark
Lambeth Road (west of St. George's Road);Southwark
Borough Road;Southwark
Minories;City of London
Gracechurch Street;City of London
Blackfriars Road;Southwark
Newgate Street;City of London
High Holborn;Camden
Holborn;City of London
New Bridge Street;City of London
Strand (east);Westminster
Rosebery Avenue (south);Camden
Clerkenwell Road (west);Camden
Moorgate;City of London
Farringdon Street;City of London
Aldgate High Street;City of London
Strand (west);Westminster
Theobald's Road;Camden
City Road;Islington
Kingsway;Camden
Aldwych;Westminster
Bloomsbury Way;Camden
Southampton Row;Camden
Bloomsbury Street;Camden
Tottenham Court Road (north);Camden
Tottenham Court Road (south);Camden
Oxford Street (east);Westminster
Charing Cross Road;Camden
Regent Street;Westminster
Wigmore Street;Westminster
Mortimer Street;Westminster
Farringdon Road (near station);Camden
Fetter Lane;City of London
Rosebery Avenue (north);Islington
Goswell Road (south);Islington
Portland Place;Westminster
Shaftesbury Avenue;Westminster
Tavistock Square (A4200);Camden
Grays Inn Road (north);Camden
Oxford Street (west);Westminster
Gloucester Place;Westminster
Baker Street;Westminster
Piccadilly;Westminster
York Road;Lambeth
Stamford Street;Lambeth
Great Dover Street;Southwark
Long Lane;Southwark
Borough High Street;Southwark
Southwark Street;Southwark
Newington Causeway;Southwark
Upper Thames Street (west of Southwark Bridge);City of London
Lower Thames Street;City of London
Clerkenwell Road (east);Islington
Old Street;Islington
Goswell Road (north);Islington
London Wall (west);City of London
London Wall (east);City of London
Grays Inn Road (south);Camden
Houndsditch;City of London
Bevis Marks;City of London
King's Cross Road;Camden
Crucifix Lane (Druid Street);Southwark
Horseferry Road (east of Tufton Street);Westminster
The Cut;Lambeth
Bunhill Row;Islington
St. John Street;Islington
Hunter Street;Camden
Great Queen Street;Camden
Calthorpe Street;Camden
New Bond Street;Westminster
Great Smith Street (north of Little Smith Street);Westminster
Beech Street;City of London
Montague Place;Camden
Buckingham Gate;Westminster
Thayer Street;Westminster
Eastcheap;City of London
Grosvenor Street;Westminster
Seymour Place;Westminster
Regent Square;Camden
Wimpole Street;Westminster
George Street (east);Westminster
Montague Street;Camden
Drury Lane;Westminster
Torrington Place;Camden
Mabledon Place;Camden
Claremont Square;Islington
Leadenhall Street;City of London
Cannon Street;City of London
Central Street;Islington
Charterhouse Street;Islington
Prince's Street;City of London
Paul Street;Islington
Fleet Street;City of London
Golden Lane;Islington
Gresham Street;City of London
New Cavendish Street;Westminster
South Audley Street;Westminster
Old Broad Street;City of London
Wardour Street;Westminster
Berkeley Street;Westminster
Snow Hill (West Smithfield);City of London
Churchyard Row;Southwark
Black Prince Road (east of Gibson Street);Lambeth
The Mall;Westminster
Belvedere Road;Lambeth
Petty France;Westminster
Birdcage Walk;Westminster
Constitution Hill;Westminster
Garrick Street;Westminster
Welbeck Street;Westminster
Crawford Street (west);Westminster
Brook Street;Westminster
Lambs Conduit Street;Camden
Upper Ground;Lambeth
Sumner Steet;Southwark
Hercules Road;Lambeth
Webber Street (east);Southwark
Weston Street;Southwark
Cornwall Road (north);Lambeth
Jewry Street;City of London
Carey Street;Camden
Appold Street;Hackney
Wood Street;City of London
Lime Street;City of London
Old Compton Street;Westminster
Lloyd Baker Street;Islington
Fitzroy Street;Camden
Emery Hill Street;Westminster
Lambeth High Street;Lambeth
Brushfield Street;Tower Hamlets
Trinity Street (east);Southwark
Gordon Square;Camden
Turnmill Street;Islington
Carlisle Street;Lambeth
Roupell Street;Lambeth
Lambeth Walk;Lambeth
Temple Place;Westminster
Horse Guards Avenue;Westminster
Deanery Street;Westminster
Stanhope Gate;Westminster
Park Street;Westminster
Marlborough Road;Westminster
Carlisle Place;Westminster
Threadneedle Street;City of London
Myddelton Street;Islington
Greville Street;Camden
Saffron Hill;Camden
Arundel Street;Westminster
Great Ormond Street;Camden
Great Cumberland Place;Westminster
Montagu Place;Westminster
Princeton Street;Camden
Eagle Street;Camden
Berners Street;Westminster
Hastings Street;Camden
Devonshire Street;Westminster
Duke Street;Westminster
Temple Avenue;City of London
Trinity Square;City of London
Sullivan Row;Lambeth
Poland Street;Westminster
Juxton Street;Lambeth
Riverside Walk (Albert Embankment);Lambeth
Green Park (cycle lane only);Westminster
Marshalsea Road;Southwark
Tooley Street (east);Southwark
Southwark Bridge Road (south);Southwark
Upper Thames Street (east of Southwark Bridge);City of London
St. George's Road;Southwark
Lambeth Road;Southwark
Warner Street;Islington
Pakenham Street;Camden
Princess Street;Southwark
Sidmouth Square;Camden
Regent Street;Westminster
Haymarket;Westminster
Lea Bridge Road;Hackney
Downs Road;Hackney
Downs Park Road;Hackney
Sandringham Road;Hackney
Frampton Park Road;Hackney
Grove Road (Victoria Park);Tower Hamlets
Grove Road (north of Thoydon Rd);Tower Hamlets
Burdett Road (south of Hamlets Way);Tower Hamlets
Burdett Road (south of Limehouse Cut);Tower Hamlets
West India Dock Road;Tower Hamlets
Riverdene Road;Redbridge
Uphall Road;Redbridge
Wakering Road;Barking & Dagenham
St. Awdry's Road;Barking & Dagenham
Sparsholt Road;Barking & Dagenham
Charlton Crescent;Barking & Dagenham
Thames Road (path to playing fields);Barking & Dagenham
Salter Road;Southwark
Redriff Road;Southwark
Seven Sisters Road;Islington
Isledon Road;Islington
Hungerford Road;Islington
Stratford Villas;Camden
Blenheim Crescent;Kensington & Chelsea
Harrington Gardens;Kensington & Chelsea
Stanhope Gardens;Kensington & Chelsea
Launceston Place;Kensington & Chelsea
Kensington Gardens (Palace Avenue entrance);Kensington & Chelsea
Broad Walk (Kensington Gardens);Westminster
Kensington Gardens (The Broad Walk - north);Westminster
Porchester Gardens;Westminster
Hamilton Terrace;Westminster
Penfold Street;Westminster
Old Marylebone Road;Westminster
Star Street;Westminster
Exhibition Road;Westminster
Dovehouse Street;Kensington & Chelsea
St. Leonard's Terrace;Kensington & Chelsea
Lowndes Street;Kensington & Chelsea
Great Cumberland Place;Westminster
Fitzhardinge Street;Westminster
Wyndham Place;Westminster
Upper Montague Street;Westminster
Crawford Street (west);Westminster
Crawford Street (east);Westminster
Harewood Avenue;Westminster
Balcombe Street;Westminster
Grand Union Canal (towpath west);Westminster
Grand Union Canal (Regent's Park);Westminster
Outer Circle (north);Westminster
Cornwall Terrace;Westminster
Outer Circle (south);Westminster
Outer Circle (east);Camden
Harley Street;Westminster
Devonshire Street;Westminster
New Cavendish Street;Westminster
Welbeck Street;Westminster
Harley Street (south);Westminster
New Bond Street;Westminster
Bruton Lane;Westminster
Berkeley Street;Westminster
Queen's Walk;Westminster
The Mall;Westminster
Vauxhall Walk;Lambeth
Black Prince Road (west of Lambeth Walk);Lambeth
Marsham Street;Westminster
Horseferry Road (west of Tufton Street);Westminster
Lambeth High Street;Lambeth
Newport Street;Lambeth
Great Smith Street (south of Little Smith Street);Westminster
Carlisle Street;Lambeth
Belvedere Road;Lambeth
Waterloo Bridge;Lambeth
Whitcomb Street;Westminster
Gordon Square;Camden
Endell Street;Westminster
Bloomsbury Way;Camden
Whiston Road;Hackney
Bloomsbury Street;Camden
Tottenham Court Road (south);Camden
Montague Place;Camden
Lambs Conduit Street;Camden
Guilford Street;Camden
Theobald's Road;Camden
Hunter Street;Camden
Torrington Place;Camden
Regent Square;Camden
Judd Street;Camden
Wardour Street;Westminster
Berners Street;Westminster
Howland Street;Camden
Maple Street;Camden
Carburton Street;Westminster
Tottenham Court Road (north);Camden
Tavistock Place;Camden
Hampstead Road;Camden
Mornington Crescent;Camden
Delancy Street;Camden
Royal College Street;Camden
Pancras Road;Camden
River Street;Islington
Lloyd Baker Street;Islington
Calthorpe Street;Camden
Clerkenwell Road (west);Camden
Upper Ground;Lambeth
Midland Road;Camden
Mepham Street;Lambeth
Cornwall Road (north);Lambeth
Cornwall Road (south);Lambeth
Webber Street (west);Lambeth
Baylis Road;Lambeth
Hercules Road;Lambeth
Webber Street (east);Southwark
Great Suffolk Street (south);Southwark
Trinity Street;Southwark
Great Suffolk Street (north);Southwark
Union Street;Southwark
Gresham Street;City of London
Wood Street;City of London
Beech Street;City of London
Clerkenwell Road (east);Islington
Old Street;Islington
Bunhill Row;Islington
Colebrooke Row;Islington
Long Lane;City of London
Shepherdess Walk;Hackney
Hoxton Street;Hackney
Goldsmith's Row;Hackney
Hackney Road;Hackney
Old Street;Hackney
Sussex Gardens;Westminster
Bath Street;Islington
Chiswell Street;Islington
Appold Street;Hackney
Aldgate High Street;City of London
Jewry Street;City of London
Crutched Friars;City of London
Tanner Street;Southwark
Weston Street;Southwark
Law Street / Rothsay Street;Southwark
Graham Terrace;Westminster
Middlesex Street;City of London
Horse Guards Road;Westminster
Oakley Street;Kensington & Chelsea
Blomfield Road;Westminster
Gloucester Place;Westminster
Outer Circle (west);Westminster
Westbourne Park Road;Westminster
Kensington Gardens (Jubilee Greenway);Westminster
Sutton Street;Tower Hamlets
Jubille Street (2);Tower Hamlets
Black Church Lane;Tower Hamlets
Henriques Street;Tower Hamlets
Greenfield Road;Tower Hamlets
Plumbers Row;Tower Hamlets
Jubilee Street (1);Tower Hamlets
Roupell Street;Lambeth
Barbly Road;Kensington & Chelsea
Queensdale Road;Kensington & Chelsea
Russell Road;Kensington & Chelsea
Holland Walk;Kensington & Chelsea
Port Road;Kensington & Chelsea
Napier Road;Kensington & Chelsea
St. Charles Square ;Kensington & Chelsea
Burwood Place;Westminster
Harrowby Street;Westminster
Pratt Street;Camden
Murray Grove;Hackney
Crondall Street;Hackney
Hoxton Street;Hackney
Dunloe Street;Hackney
Audrey Street;Hackney
Queensbridge Road (1);Hackney
Queensbridge Road (2);Hackney
Queensbridge Road (3);Hackney
Vauxhall Street;Lambeth
Ravensdon Street;Lambeth
Sancroft Street;Lambeth
Borough Road;Southwark
Abbotsbury Road;Kensington & Chelsea
Pembridge Crescent;Kensington & Chelsea
Kensington Park Gardens;Kensington & Chelsea
Clarendon Road;Kensington & Chelsea
All Saint’s Road;Kensington & Chelsea
Amwell Street;Islington
Percival Street;Islington
Lever Street;Islington
Lever Street;Islington
Colebert Avenue;Tower Hamlets
Old Broad Street;City of London
Eldon Street;City of London
Bow Street;Westminster
Brunswick Square;Camden
Cleveland Street (north);Camden
Cleveland Street (south);Westminster
Newman Street;Westminster
Stanhope Place;Westminster
Porchester Place;Westminster
George Street (west);Westminster
Savoy Street;Westminster
Woodford New Road;Waltham Forest
Markhouse Road;Waltham Forest
Swaythling Close (path through park);Enfield
Fotheringham Road;Enfield
Lincoln Road;Enfield
South Street;Enfield
Grove Avenue;Haringey
Grosvenor Road;Haringey
A307 Kew Road (south of Lichfield Road);Richmond upon Thames
A307 Kew Road (between Stanmore Road and Pagoda Avenue);Richmond upon Thames
Church Road;Haringey
Napier Road;Haringey
Beaconsfield Road;Haringey
Seven Sisters Road;Haringey
Holmdale Terrace;Haringey
Heathland Road;Hackney
Bouverie Road;Hackney
Wordworth Road;Hackney
Kingsbury Road;Islington
De Beauvoir Road;Hackney
Pitfield Street;Hackney
Paul Street;Islington
Bow Road;Tower Hamlets
Mile End Road (east);Tower Hamlets
Mile End Road (west);Tower Hamlets
Whitechapel Road East;Tower Hamlets
Whitechapel High Street;Tower Hamlets
Stratford High Street;Newham
Broadway;Newham
Alfreds Way;Barking & Dagenham
Newham Way East;Newham
Newham Way Mid;Newham
Newham Way West;Newham
Barking Road;Tower Hamlets
Naval Row;Tower Hamlets
Poplar High Street;Tower Hamlets
Ming Street;Tower Hamlets
Narrow Street;Tower Hamlets
Cable Street (east);Tower Hamlets
Cable Street (west);Tower Hamlets
Royal Mint Street;Tower Hamlets
Woolwich High Street;Greenwich
Woolwich Church Street;Greenwich
Woolwich Road (New Charlton);Greenwich
Woolwich Road (Westcombe Park);Greenwich
Woolwich Road (Blackwall approach);Greenwich
Trafalgar Road;Greenwich
Creek Road;Greenwich
Evelyn Street South;Lewisham
Evelyn Street North;Lewisham
Lower Road;Southwark
Jamaica Road;Southwark
Jamaica Road (west);Southwark
Tooley Street (east);Southwark
Tooley Street;Southwark
London Bridge;City of London
Queen's Road (east);Lewisham
Queens Road;Southwark
Peckham High Street;Southwark
Camberwell Church Street;Southwark
Camberwell New Road;Southwark
Harleyford Road (Kennington Oval);Lambeth
South Lambeth Road (at Vauxhall);Lambeth
Kennington Lane;Lambeth
Vauxhall Bridge;Westminster
Belgrave Road;Westminster
Fordham Park;Lewisham
Amersham Vale;Lewisham
Margaret Macmillan Park;Lewisham
Albyn Road;Lewisham
Thurston Road;Lewisham
Eccleston Street;Westminster
High Street Colliers Wood;Merton
Upper Tooting Road;Wandsworth
Balham High Road (south);Wandsworth
Balham Hill;Wandsworth
Clapham Common (south side);Lambeth
Clapham High Street;Lambeth
Clapham Road Stockwell;Lambeth
Clapham Road Oval;Lambeth
Kennington Park Road;Lambeth
Newington Butts;Southwark
Churchyard Row;Southwark
Southwark Bridge Road (south);Southwark
Southwark Bridge Road;Southwark
Southwark Bridge Road (north - between Flat Iron Square and America Street);Southwark
Southwark Bridge;Southwark
Old York Road;Wandsworth
York Road;Wandsworth
Battersea Park Road (Latchmere);Wandsworth
Battersea Park Road (Battersea);Wandsworth
Chelsea Bridge;Westminster
Grosvenor Road;Westminster
Millbank (south of Thorney Street);Westminster
Hendon Way;Barnet
Hendon Way Child's Hill;Barnet
Finchley Road (Fortune Green);Camden
Finchley Road (West Hampstead);Camden
Finchley Road station;Camden
Swiss Cottage;Camden
Avenue Road;Camden
Outer Circle (west);Westminster
Park Square West;Westminster
Park Square East;Camden
Portland Place;Westminster
Outer Circle (south);Westminster
Cornwall Terrace;Westminster
Western Avenue (Savoy Circus);Ealing
Westway (White City);Hammersmith & Fulham
Westway (raised section);Westminster
Westbourne Terrace;Westminster
Bayswater Road (Lancaster Gate);Westminster
West Carriage Drive (south of Victoria Gate);Westminster
Serpentine Road;Westminster
The Ring (North Carriage Drive);Westminster
West Carriage Drive;Westminster
South Carriage Drive;Westminster
Aspley Way (at Hyde Park Corner);Westminster
Constitution Hill;Westminster
Birdcage Walk;Westminster
Bridge Street;Westminster
Victoria Embankment (between Derby Gate and Westminster Bridge);Westminster
Victoria Embankment (by Cleopatra's Needle);Westminster
Temple;City of London
Upper Thames Street (west of Southwark Bridge);City of London
Upper Thames Street (east of Southwark Bridge);City of London
Lower Thames Street;City of London
St. George's Road;Southwark
Lambeth Road;Southwark
Blackfriars Road;Southwark
Blackfriars Road (Southwark station);Southwark
Blackfriars Bridge;City of London
New Bridge Street;City of London
Farringdon Street;City of London
Saffron Hill;Camden
Warner Street;Islington
Pakenham Street;Camden
Grays Inn Road;Camden
York Way;Camden
Princess Street;Southwark
Philip Lane;Haringey
Seven Sisters station;Haringey
De Beauvoir Road;Hackney
Thames Path (University of Greenwich);Greenwich
Harleyford Road (2);Lambeth
Farringdon Road (near station);Islington
Outer Circle (north);Westminster
Vauxhall Bridge Road;Westminster
Sidmouth Square;Camden
Hammersmith Road;Hammersmith & Fulham
King Street (by the Mall);Hammersmith & Fulham
King Street;Hammersmith & Fulham
Chiswick High Road;Hounslow
Notting Hill Gate;Kensington & Chelsea
Holland Park Avenue;Kensington & Chelsea
Shepherds Bush station;Hammersmith & Fulham
Wood Lane;Hammersmith & Fulham
Westway (White City);Hammersmith & Fulham
Western Avenue (Savoy Circus);Ealing
Western Avenue (Gypsy Corner);Ealing
Heathfield Terrace;Hounslow
Kew Bridge Road;Hounslow
High Street;Hounslow
London Road;Hounslow
London Road (Isleworth station);Hounslow
High Street London;Hounslow
Outer Circle (east);Camden
Judd Street;Camden
Chiswick High Road (railway bridge);Hounslow
Grove Road;Tower Hamlets
Lea Bridge Road;Waltham Forest
Burdett Road (south of Limehouse Cut);Tower Hamlets
Seven Sisters Road (Finsbury Park);Islington
Seven Sisters Road;Haringey
Hornsey Rise;Islington
York Way;Islington
Well Street;Hackney
Hackney Road;Tower Hamlets
Tower Bridge;Tower Hamlets
Westferry Road;Tower Hamlets
Dulwich Road;Lambeth
Old Kent Road (New Cross Gate);Lewisham
New Cross Road;Lewisham
Streatham High Road;Lambeth
Brixton Hill;Lambeth
Brixton Road;Lambeth
Stockwell Road;Lambeth
South Lambeth Road;Lambeth
Peckham Rye;Southwark
Kennigton Lane;Lambeth
New Kent Road;Southwark
Rotherhithe New Road;Southwark
Norwood Road;Southwark
London Road;Lewisham
Old Kent Road;Southwark
Parkside High Street;Merton
Upper Richmond Road;Wandsworth
Wandsworth Bridge;Hammersmith & Fulham
Putney Bridge;Hammersmith & Fulham
Lillie Road;Hammersmith & Fulham
Battersea Park Road;Wandsworth
Battersea Bridge Road;Wandsworth
Albert Bridge Road;Wandsworth
Cedars Road;Lambeth
Kingston Road;Wandsworth
West Hill;Wandsworth
Putney Hill;Wandsworth
Morden Road;Merton
Durnsford Road;Merton
Falcon Road;Wandsworth
King's Road;Hammersmith & Fulham
Chelsea Embankment;Kensington & Chelsea
Clapham Common (north side);Wandsworth
Fulham Road;Hammersmith & Fulham
Buckhold Road;Wandsworth
Scrubs Lane;Hammersmith & Fulham
The Vale;Ealing
Goldhawk Road;Hammersmith & Fulham
Shepherd's Bush Road;Hammersmith & Fulham
Holland Park Avenue;Kensington & Chelsea
Kensington High Street;Kensington & Chelsea
Kilburn High Road (Brondesbury);Camden
Kilburn High Road (Kilburn Park);Camden
Haverstock Hill;Camden
Kentish Town Road;Camden
Hampstead Road;Camden
Eversholt Street;Camden
Prince Albert Road;Camden
Sussex Gardens;Westminster
Great Western Road;Westminster
Archway Road;Haringey
Albany Street;Camden
Notting Hill Gate;Kensington & Chelsea
Kensington Church Street;Kensington & Chelsea
Kensington Road;Westminster
Old Brompton Road;Kensington & Chelsea
Earl's Court Road;Kensington & Chelsea
Warwick Road;Kensington & Chelsea
Hammersmith Road;Hammersmith & Fulham
King Street;Hammersmith & Fulham
Wood Lane;Hammersmith & Fulham
Hammersmith Bridge Road;Hammersmith & Fulham
Great West Road;Hammersmith & Fulham
Fulham Road;Kensington & Chelsea
Buckingham Palace Road;Westminster
King's Road (Belgravia);Kensington & Chelsea
Chalk Farm Road;Camden
Park Road;Westminster
Highbury Grove;Islington
Stoke Newington Road;Hackney
Cambridge Heath Road;Tower Hamlets
East Dulwich Road;Southwark
Acre Lane;Lambeth
Fulham High Street;Hammersmith & Fulham
Garratt Lane;Wandsworth
Latchmere Road;Wandsworth
Mitcham Lane;Wandsworth
Walworth Road;Southwark
Wandsworth Road;Lambeth
South Croxted Road;Southwark
Lewisham Way;Lewisham
Christchurch Road;Lambeth
Dulwich Common;Southwark
Tulse Hill;Lambeth
Lausanne Road;Lewisham
Denmark Hill;Lambeth
Lordship Lane;Southwark
Norwood Road;Lambeth
Kirkdale;Lewisham
Tooting Bec Road;Wandsworth
Trinity Road;Wandsworth
Roehampton Lane;Wandsworth
Rocks Lane;Richmond upon Thames
Fulham Palace Road;Hammersmith & Fulham
Battersea Rise;Wandsworth
Lavendar Hill;Wandsworth
Merton High Street;Merton
Putney Bridge Road;Wandsworth
Poynders Road;Lambeth
Junction Road;Islington
Harrow Road;Westminster
Holland Road;Kensington & Chelsea
Cromwell Road;Kensington & Chelsea
Marylebone Road;Westminster
Vauxhall Bridge Road;Westminster
Talgarth Road;Hammersmith & Fulham
Holloway Road;Islington
Wellington Road;Westminster
Bayswater Road;Westminster
Old Brompton Road;Kensington & Chelsea
Camden Road;Camden
Edgware Road (Maida Vale);Westminster
Edgware Road (Lisson Grove);Westminster
Sloane Street;Kensington & Chelsea
Pembridge Villas;Kensington & Chelsea
Bishop's Bridge Road;Westminster
Park Lane;Westminster
Grosvenor Place;Westminster
Brecknock Road;Camden
Harrow Road;Westminster
Stamford Hill;Hackney
Caledonian Road;Islington
City Road;Islington
Kingsland Road;Hackney
Commercial Street;Tower Hamlets
Upper Clapton Road;Hackney
Holloway Road;Islington
Crouch Hill;Islington
Victoria Park Road;Hackney
Commercial Road;Tower Hamlets
Green Lanes;Hackney
Graham Road;Hackney
The Highway;Tower Hamlets
Bethnal Green Road;Tower Hamlets
Homerton High Street;Hackney
Upper Street;Islington
New North Road;Islington
Balls Pond Road;Hackney
East India Dock Road;Tower Hamlets
Essex Road (Canonbury);Islington
Rotherhithe Tunnel;Southwark
Amhurst Park;Hackney
Pentonville Road;Islington
Victoria Park Road;Hackney
Pembury Road;Hackney
Camden Road;Islington
Canonbury Road;Islington
Essex Road (Islington);Islington
Lower Clapton Road;Hackney
St. Paul's Road;Islington
Cambridge Heath Road;Tower Hamlets
Mare Street;Hackney
Dalston Lane;Hackney
Southampton Road;Camden
Lisson Grove;Westminster
Ebury Bridge Road;Westminster
Ladbroke Grove (south);Kensington & Chelsea
Grosvenor Crescent;Westminster
Stoke Newington Church Street;Hackney
Columbia Road;Tower Hamlets
Copenhagen Street;Islington
Cannon Street;Tower Hamlets
Rolls Road;Southwark
Southampton Way;Southwark
Rectory Lane;Wandsworth
Bellevue Road;Wandsworth
Windmill Road;Wandsworth
Sydney Street;Kensington & Chelsea
Porchester Road;Westminster
Gordon House Road;Camden
North Road;Haringey
Queensbridge Road;Hackney
Shepherdess Walk;Hackney
Dunbridge Street;Tower Hamlets
Globe Road;Tower Hamlets
Sternhold Avenue;Lambeth
Sanford Street;Lewisham
Milkwood Road;Lambeth
Royal Hospital Road;Kensington & Chelsea
Palace Gate;Kensington & Chelsea
Paddenswick Road;Hammersmith & Fulham
Kensington Park Road;Kensington & Chelsea
Mortimer Road;Brent
Manor Road;Hackney
Liverpool Road;Islington
Southgate Road;Hackney
Albion Road;Hackney
Kings Avenue;Lambeth
Atlantic Road;Lambeth
Brockley Road;Lewisham
North End Road;Hammersmith & Fulham
Lower Richmond Road;Wandsworth
Bedford Hill;Wandsworth
Exhibition Road;Westminster
Highgate West Hill;Camden
East Acton Lane;Ealing
South Africa Road;Hammersmith & Fulham
Circus Road;Westminster
Barnsbury Road;Islington
Campbell Road;Tower Hamlets
Drayton Park;Islington
Wapping High Street;Tower Hamlets
Stoke Newington Church Street;Hackney
Lauriston Road;Hackney
Plumbers Row;Tower Hamlets
Surrey Quays Road;Southwark
Brixton Water Lane;Lambeth
Peckham Rye;Southwark
Wickham Road;Lewisham
Sydenham Hill;Southwark
Gipsy Road;Lambeth
Blackshaw Road;Wandsworth
Aboyne Road;Wandsworth
Beaufort Street;Kensington & Chelsea
Plough Road;Wandsworth
Elgin Avenue;Westminster
Salusbury Road;Brent
Ebury Bridge;Westminster
Prince of Wales Road;Camden
Hazellville Road;Islington
Riversdale Road;Islington
Wapping Lane;Tower Hamlets
St. James's Road;Southwark
Leigham Court Road;Lambeth
Asylum Road;Southwark
Emmanuel Road;Lambeth
Prince of Wales Drive;Wandsworth
Fernhead Road;Westminster
West Heath Road;Camden
Bramley Road;Kensington & Chelsea
Tollington Park;Islington
Englefield Road;Hackney
North Road;Islington
Waterden Road;Hackney
Marsh Wall;Tower Hamlets
Lawrie Park Road;Bromley
Herne Hill Road;Lambeth
Munster Road;Hammersmith & Fulham
Queens Road;Merton
Hamilton Terrace;Westminster
Derry Street;Kensington & Chelsea
Coningham Road;Hammersmith & Fulham
Fellows Road;Camden
Addison Avenue;Kensington & Chelsea
Lowndes Street;Kensington & Chelsea
Marloes Road;Kensington & Chelsea
Addison Gardens;Kensington & Chelsea
Maitland Park Road;Camden
Northwood Road;Haringey
Lyncroft Gardens;Camden
Wakeman Road;Brent
Brackenbury Road;Hammersmith & Fulham
Boltons Place;Kensington & Chelsea
Croftdown Road;Camden
Trussley Road;Hammersmith & Fulham
Malvern Road;Brent
The Approach;Ealing
York Gate;Westminster
Kensal Road;Kensington & Chelsea
Park Village East;Camden
Dalmeny Road;Islington
Northchurch Road;Islington
Churchill Place;Tower Hamlets
Highbury Hill;Islington
Hanbury Street;Tower Hamlets
Hassett Road;Hackney
Wolseley Street;Southwark
Newell Street;Tower Hamlets
Rotherhithe Street;Southwark
Three Mill Lane;Tower Hamlets
Ottaway Street;Hackney
Lagado Mews;Southwark
Goldington Crescent;Camden
Vartry Road;Haringey
Downs Park Road;Hackney
Mastmaker Road;Tower Hamlets
Kerbey Street;Tower Hamlets
Pendennis Road;Lambeth
Aldebert Terrace;Lambeth
Leigham Vale;Lambeth
Brayards Road;Southwark
Breakspears Road;Lewisham
Crystal Palace Park (Sydenham);Bromley
John Ruskin Street;Southwark
Fawnbrake Avenue;Lambeth
McNeil Road;Southwark
Dulwich Park (Court Lane Gate);Southwark
Leander Road;Lambeth
Elmira Street;Lewisham
Bellenden Road;Southwark
Lambert Road;Lambeth
Spa Road;Southwark
Lots Road;Kensington & Chelsea
Ravensbury Road;Merton
Culvert Road;Wandsworth
Keswick Road;Wandsworth
Telegraph Road (by Tibbet's Corner);Wandsworth
Montague Road;Merton
Star Road;Hammersmith & Fulham
West Side Common;Merton
Battersea Park (Sun Gate);Wandsworth
Ranelagh Gardens;Hammersmith & Fulham
Hazlewell Road;Wandsworth
Devonshire Road;Merton
Byegrove Road;Merton
Danebury Avenue;Wandsworth
Beechcroft Road;Wandsworth
Winslow Road;Hammersmith & Fulham
Embankment Putney;Wandsworth
Melville Road;Richmond upon Thames
Princes Way;Wandsworth
Grafton Road;Camden
Valletta Road;Ealing
Sandall Road;Camden
Parliament Hill;Camden
Cambridge Gardens;Brent
Ladbroke Road;Kensington & Chelsea
Blythe Road;Hammersmith & Fulham
Harrington Gardens;Kensington & Chelsea
Avonmore Road;Hammersmith & Fulham
Old Church Street;Kensington & Chelsea
Lawn Road;Camden
Devonshire Terrace;Westminster
Chester Road;Camden
Friars Place Lane;Ealing
Kingswood Avenue;Brent
Spanby Road;Tower Hamlets
Downs Road;Hackney
Craven Park Road;Haringey
St. Peter's Street;Islington
Malcolm Road;Tower Hamlets
Fairbridge Road;Islington
Glyn Road;Hackney
Southwold Road;Hackney
Moray Road;Islington
Barrington Road;Lambeth
Lyham Road;Lambeth
Ferndale Road;Lambeth
Spring Hill;Lewisham
Lynton Road;Southwark
Radbourne Road;Lambeth
Poplar Walk;Lambeth
Manor Place;Southwark
Telford Avenue;Lambeth
Crystal Palace Road;Southwark
St. Julian's Farm Road;Lambeth
Landor Road;Lambeth
Avondale Rise;Southwark
Auckland Hill;Lambeth
Stewart's Road;Wandsworth
Link Road;Merton
Bagleys Lane;Hammersmith & Fulham
Brayburne Avenue;Lambeth
Wildcroft Road;Wandsworth
Sutherland Grove;Wandsworth
Brisbane Avenue;Merton
Australia Road;Hammersmith & Fulham
Sundew Avenue;Hammersmith & Fulham
St. Mark's Road;Kensington & Chelsea
Lennox Gardens;Kensington & Chelsea
Clarence Way;Camden
Prince Consort Road;Westminster
Spring Place;Camden
Prebend Gardens;Hounslow
Scott's Road;Hammersmith & Fulham
Allen Street;Kensington & Chelsea
Hillgate Street;Kensington & Chelsea
Acacia Road;Westminster
Cumberland Place;Camden
Sedgeford Road;Hammersmith & Fulham
Lady Margaret Road;Camden
Hans Place;Kensington & Chelsea
Holland Park Road;Kensington & Chelsea
Dart Street;Westminster
Radnor Place;Westminster
Durham Terrace;Westminster
Dartmouth Park Road;Camden
Rutland Gate;Westminster
Marlborough Place;Westminster
Elvaston Place;Kensington & Chelsea
Langler Road;Brent
Sirdar Road;Kensington & Chelsea
Ladbroke Square;Kensington & Chelsea
Cumberland Street;Westminster
Milton Park;Haringey
The Fairway;Ealing
Courtfield Road;Kensington & Chelsea
Wilmot Place;Camden
Lodge Road;Westminster
Glenilla Road;Camden
Marylands Road;Westminster
Galloway Road;Hammersmith & Fulham
Fawley Road;Camden
Mansford Street;Tower Hamlets
Gibson Square;Islington
Piper Close;Islington
Matilda Street;Islington
Surrey Water Road;Southwark
Lenthall Road;Hackney
Cresset Road;Hackney
Barnabas Road;Hackney
Duff Street;Tower Hamlets
Thomas Road;Tower Hamlets
Stonefield Street;Islington
Lennox Road;Islington
Aston Street;Tower Hamlets
Shore Place;Hackney
Lyal Road;Tower Hamlets
Florence Road;Haringey
Gill Street;Tower Hamlets
Hawes Street;Islington
Barnes Street;Tower Hamlets
St. Paul Street;Islington
Zetland Street;Tower Hamlets
Turner Street;Tower Hamlets
Wilberforce Road;Hackney
Cornwallis Road;Islington
Reardon Street;Tower Hamlets
Tottenham Road;Hackney
Riversdale Road;Islington
Rendlesham Road;Hackney
Ellingfort Road;Hackney
Mount Pleasant Lane;Hackney
Alderney Road;Tower Hamlets
Mayton Street;Islington
Chalton Street;Camden
Watney Street;Tower Hamlets
Pearson Street;Hackney
St. John's Road;Haringey
Kyverdale Road;Hackney
Aylward Street;Tower Hamlets
Marmont Road;Southwark
Amelia Street;Southwark
Shell Road;Lewisham
Nigel Road;Southwark
Bird in Bush Road;Southwark
Ansdell Road;Southwark
St. George's Way;Southwark
Springfield Road;Bromley
Kingscourt Road;Lambeth
Glaisher Street;Greenwich
York Hill;Lambeth
Upland Road;Southwark
Montague Avenue;Lewisham
St. James's Crescent;Lambeth
Paulet Road;Lambeth
Peabody Estate;Lambeth
Mervan Road;Lambeth
Scawen Road;Lewisham
Edward Place;Lewisham
Blairderry Road;Lambeth
Thorpewood Avenue;Lewisham
Cleaver Square;Lambeth
Mayflower Road;Lambeth
Edgar Kail Way;Southwark
Union Grove;Lambeth
Thornlaw Road;Lambeth
Bowen Drive;Southwark
Hillyard Street;Lambeth
Deronda Road;Lambeth
Babington Road;Lambeth
Dockers Tanner Road;Tower Hamlets
Verney Road;Southwark
Clifton Way;Southwark
Longton Avenue;Lewisham
Athlone Road;Lambeth
De Crespigny Park;Southwark
Sunnyhill Road;Lambeth
Richborne Terrace;Lambeth
Chartfield Avenue;Wandsworth
Brookwood Road;Wandsworth
Lyveden Road;Merton
Gertrude Street;Kensington & Chelsea
Greyhound Road;Hammersmith & Fulham
Coverton Road;Wandsworth
Wix's Lane;Wandsworth
Noyna Road;Wandsworth
Klea Avenue;Lambeth
Lowther Road;Richmond upon Thames
Atheldene Road;Wandsworth
Sellincourt Road;Wandsworth
Shuttleworth Road;Wandsworth
Forfar Road;Wandsworth
Esmon Street;Wandsworth
Woodlawn Road;Hammersmith & Fulham
Parkstead Road;Wandsworth
Smallwood Road;Wandsworth
Erpingham Road;Wandsworth
Norman Road;Merton
Mount Road;Merton
Aslett Street;Wandsworth
Stanley Grove;Wandsworth
Lake Road;Merton
Candahar Road;Wandsworth
Cleveland Road;Richmond upon Thames
Somerset Road;Merton
Ellerton Road;Wandsworth
Trinity Road;Merton
Grimston Road;Hammersmith & Fulham
Ramsdale Road;Wandsworth
Santos Road;Wandsworth
Tangley Grove;Wandsworth
Ackmar Road;Hammersmith & Fulham
Maxwell Road;Hammersmith & Fulham
Trinity Church Road;Richmond upon Thames
Webbs Road;Wandsworth
Lilestone Street;Westminster
Grand Union Canal (Great Western Road);Westminster
Broad Walk (Kensington Gardens);Westminster
Grand Union Canal (Regent's Park);Westminster
Thames Path (North Hammersmith);Hammersmith & Fulham
Kensington Gardens (north);Westminster
Paddington Canal towpath;Westminster
Hampstead Heath (Spaniards Road);Camden
Wormwood Scrubs (Baybrook Street);Hammersmith & Fulham
Holland Walk;Kensington & Chelsea
Hampstead Heath (Gordon House Road);Camden
Grand Union Canal (Ladbroke Grove);Kensington & Chelsea
Hackney Marsh (east);Hackney
Finsbury Park (Oxford Road entrance);Haringey
Hertford Union Canal;Tower Hamlets
Thames Path (Fulford Street);Southwark
Hackney Cut;Hackney
Hamlets Way;Tower Hamlets
Hackney Downs;Hackney
Thames Path (Westferry Circus);Tower Hamlets
Gillespie Park;Islington
Pepper Street;Tower Hamlets
Bow Creek;Tower Hamlets
Highbury Fields;Islington
Three Mills Green;Newham
Haggerston Park;Hackney
Limehouse towpath;Tower Hamlets
Bonding Yard Walk;Southwark
North Millfields Recreation Ground;Hackney
Victoria Park (Bonner Hall bridge);Tower Hamlets
Clissold Park;Hackney
Mile End Park (south);Tower Hamlets
Lea Rowing Club;Hackney
Well Street Common;Hackney
Limehouse Cut;Tower Hamlets
Adelphi Court;Southwark
Leyton Marshes;Waltham Forest
Grand Regent's Canal (Shepherdes);Hackney
Queen Elizabeth Park (Greenway);Newham
Ornamental Canal;Tower Hamlets
Grand Union towpath (York Way);Islington
Ruskin Park (Northway Road);Lambeth
Crossharbour underpass;Tower Hamlets
Kennington Park;Lambeth
Southwark Park;Southwark
Brookmill Park;Lewisham
Peckham Rye Park;Southwark
Surrey Canal path;Southwark
Burgess Park;Southwark
Dulwich sports ground;Southwark
Island Gardens (Millwall Park);Tower Hamlets
Woodpecker Road;Lewisham
Myatt's Fields;Lambeth
Hilly Fields Park;Lewisham
Brockwell Park;Lambeth
Norwood Park;Lambeth
Bishop's Park;Hammersmith & Fulham
Thames Path (Albert Bridge);Wandsworth
Inner Park Ride;Wandsworth
Brompton Cemetery;Kensington & Chelsea
Thames Path (Vicarage Crescent);Wandsworth
Bell Lane Creek;Wandsworth
Thames Path (Bridges Court);Wandsworth
Wimbledon Common (Windmill Road);Merton
Tooting Bec Athletics Track;Wandsworth
Tibbet's Corner;Wandsworth
King George's Park;Wandsworth
Merton Abbey;Merton
Thames Path (Hammersmith Bridge);Richmond upon Thames
Thames Path (Imperial Wharf);Hammersmith & Fulham
Tooting Bec Common;Wandsworth
Wandsworth Common;Wandsworth
Queens Gate;Westminster
Leighton Road;Camden
Bow Common Lane (bridge over Limehouse Cut);Tower Hamlets
Market Road;Islington
Grange Grove;Islington
Brenchley Gardens;Southwark
Akerman Road;Lambeth
Augustus Road;Wandsworth
Lea Bridge Road (1);Waltham Forest
Lea Bridge Road (2);Waltham Forest
Lea Bridge Road (3);Waltham Forest
Lea Bridge Road (near Whipps Cross);Waltham Forest
Woodford New Road;Waltham Forest
Forest Road (1);Waltham Forest
Forest Road (2);Waltham Forest
Forest Road (3);Waltham Forest
Forest Road (4 - by Blackhorse Road station);Waltham Forest
Blackhorse Road;Waltham Forest
Markhouse Road;Waltham Forest
Church Road (1);Waltham Forest
High Road;Waltham Forest
Church Road (2);Waltham Forest
Ruckholt Road (north);Waltham Forest
Leyton High Road (south);Waltham Forest
Leyton High Road (north);Waltham Forest
Hoe Street (south);Waltham Forest
Hoe Street (north);Waltham Forest
Chingford Road;Waltham Forest
Chingford Road (north);Waltham Forest
New Road;Waltham Forest
Larkshall Road;Waltham Forest
Kings Road;Waltham Forest
Station Road;Waltham Forest
Beresford Road;Waltham Forest
Friday Hill;Waltham Forest
The Avenue;Waltham Forest
Beech Hall Road;Waltham Forest
Church Lane;Waltham Forest
Selborne Road;Waltham Forest
Essex Road;Waltham Forest
Hainault Road;Waltham Forest
Fairlop Road;Waltham Forest
Lea Bridge Road (west);Waltham Forest
Ruckhold Road (south);Waltham Forest
St. Mary Road;Waltham Forest
Green Lanes (south);Enfield
Green Lanes (mid);Enfield
Green Lanes (north);Enfield
Ridge Avenue;Enfield
Village Road;Enfield
London Road;Enfield
Genotin Road;Enfield
London Road (north);Enfield
Cecil Road;Enfield
Bush Hill;Enfield
Riverside;Enfield
Bury Street;Enfield
Salmon's Brook;Enfield
Latymer Road;Enfield
Bedevere Road;Enfield
Off-road near Montagu Road;Enfield
Meridian Way;Enfield
Leeside Road;Haringey
Fore Street;Enfield
Hertford Road (south);Enfield
High Street (south - park entrance);Enfield
High Street (north);Enfield
Hertford Road (mid);Enfield
Hertford Road (north);Enfield
Enfield Road;Enfield
Windmill Hill;Enfield
Church Street;Enfield
Southbury Road (west);Enfield
Southbury Road (mid);Enfield
Southbury Road (east);Enfield
Nags Head Road;Enfield
Lea Valley Road;Enfield
Hertford Road (near bus station);Enfield
Portsmouth Road (mid);Kingston upon Thames
Portsmouth Road (north);Kingston upon Thames
Clarence Street (Kingston station);Kingston upon Thames
Penrhyn Road;Kingston upon Thames
Ewell Road (north);Kingston upon Thames
Ewell Road (south);Kingston upon Thames
Riverside Walk (south);Kingston upon Thames
Wood Street;Kingston upon Thames
Old London Road;Kingston upon Thames
Wheatfield Way;Kingston upon Thames
Surbiton Crescent;Kingston upon Thames
Claremont Road;Kingston upon Thames
St. Mark's Hill;Kingston upon Thames
Avenue Elmers;Kingston upon Thames
Canbury Park Road;Kingston upon Thames
Richmond Road (Kingston station);Kingston upon Thames
Kingston Hill (south);Kingston upon Thames
Kingston Hill (mid);Kingston upon Thames
Kingston Hill (north);Kingston upon Thames
Cambridge Road;Kingston upon Thames
Kingston Road (west);Kingston upon Thames
New Malden to Raynes Park link;Kingston upon Thames
The Cut (by rail line);Kingston upon Thames
Kingston Road (east);Kingston upon Thames
Kingston Road (mid);Kingston upon Thames
Down Hall Road;Kingston upon Thames
Bucklands Wharf;Kingston upon Thames
Portsmouth Road (south);Kingston upon Thames
London Road;Kingston upon Thames
London Road (east);Kingston upon Thames
Kingston Vale;Kingston upon Thames
Kingston Bridge;Kingston upon Thames
Kingston Vale;Kingston upon Thames
Grange Park Road;Waltham Forest
Temple Mills Lane;Waltham Forest
Francis Road;Waltham Forest
Langthorne Road (bridge over A12);Waltham Forest
Leslie Road;Waltham Forest
High Road Leyton;Waltham Forest
High Road Woodford Green;Redbridge
Wood Lane;Barking & Dagenham
London Road;Havering
Nags Head Road;Enfield
Romford Road;Newham
Walthamstow Avenue (North Circular Road);Waltham Forest
Romford Road;Redbridge
High Road;Haringey
Barking Road;Newham
New Road;Havering
Woolwich Manor Way;Newham
Eltham High Street;Greenwich
Long Lane;Croydon
Lewisham High Street;Lewisham
Park View Road;Bexley
Court Road (Orpington by-pass);Bromley
Masons Hill;Bromley
Woolwich Common;Greenwich
Kent Gate Way;Croydon
Richmond Road;Kingston upon Thames
Leatherhead Road;Kingston upon Thames
London Road;Croydon
Reigate Avenue;Sutton
Brighton Road;Croydon
Western Road;Merton
Morden Road;Merton
Kingston Road;Kingston upon Thames
Kingston Hill;Kingston upon Thames
Chertsey Road;Richmond upon Thames
Croydon Road;Sutton
Robin Hood Way (Kingston by-pass);Kingston upon Thames
Uxbridge Road (Wood End);Hillingdon
Uxbridge Road (Dormer's Wells);Ealing
Great West Road;Hounslow
London Road (Isleworth station);Hounslow
Staines Road;Hounslow
Twickenham Road (bridge);Richmond upon Thames
The Mall;Ealing
Boston Manor Road;Hounslow
Dawley Road;Hillingdon
Chiswick High Road;Hounslow
High Street;Richmond upon Thames
Brighton Road;Croydon
Sheen Road;Richmond upon Thames
Western Avenue;Hillingdon
Northolt Road;Ealing
Edgware Road;Barnet
High Road;Barnet
High Road;Haringey
Bramley Road;Enfield
Pinner Road;Harrow
Edgware Road;Barnet
Watford Road;Brent
Ilford Lane;Redbridge
Chislehurst High Street;Bromley
Godstone Road;Croydon
Station Road;Bexley
Gunnersbury Avenue;Ealing
Colnbrook by-pass;Hillingdon
Pound Street;Sutton
Woodcote Road;Sutton
St Margaret's Road;Richmond upon Thames
West End Road;Hillingdon
High Road;Brent
The Bourne;Enfield
Stopford Lane;Newham
Cranbrook Road;Redbridge
Dagenham Road;Havering
Croydon Road;Bromley
Bromley Road;Lewisham
Anerley Road;Bromley
Burnt Ash Hill;Lewisham
Woolwich Road;Bexley
Sidcup Road;Greenwich
Shooters Hill Road;Greenwich
Kingston Road;Merton
London Road;Sutton
Horn Lane;Ealing
Greenford Road;Ealing
Wellington Road North;Hounslow
Heath Road;Richmond upon Thames
London Road;Merton
Coombe Lane West;Kingston upon Thames
Blackbird Hill;Brent
Long Lane;Hillingdon
Whitton Avenue East;Ealing
The Bridge;Harrow
Cockfosters Road;Enfield
Totteridge Lane;Barnet
Brent Street;Barnet
Ruislip Road;Ealing
Green Lane;Hillingdon
Durnsford Road;Haringey
Wood Street;Waltham Forest
Larkshall Road;Waltham Forest
Heathfield Road;Bromley
Abbey Road;Bexley
Crayford Way;Bexley
High Street Sutton;Sutton
Ealing Road;Hounslow
Coombe Road;Kingston upon Thames
Syon Lane;Hounslow
Osidge Lane;Barnet
Park Royal Road;Ealing
Havering Road;Havering
Plashet Grove;Newham
Wennington Road;Havering
Browning Road;Newham
Ockendon Road;Havering
Hyde Vale;Greenwich
Prince Imperial Road;Bromley
St Mark's Hill;Kingston upon Thames
South Parade;Ealing
North Street;Sutton
Swakeleys Road;Hillingdon
Argyle Road;Ealing
Hammers Lane;Barnet
Blackhorse Lane;Waltham Forest
Katherine Road;Newham
Prince of Wales Road;Lewisham
Wickham Road;Bromley
Sanderstead Road;Croydon
Queens Road;Richmond upon Thames
Coulsdon Road;Croydon
Plough Lane Wallington;Sutton
Whitton Road;Richmond upon Thames
Long Drive;Hillingdon
Lavender Hill;Enfield
Eastbury Avenue;Hillingdon
Roxeth Green Avenue;Harrow
Abbey Road (Brent);Brent
Wemborough Road;Harrow
Winchmore Hill Road;Enfield
Gubbins Lane;Havering
Redbridge Lane;Redbridge
Leytonstone Road;Newham
Cameron Road;Redbridge
Hillside Avenue;Redbridge
Orient Way;Waltham Forest
Cann Hall Road;Waltham Forest
Oxlow Lane;Barking & Dagenham
Belvedere Road;Bexley
Lodge Lane;Croydon
Oaklands Lane;Bromley
Monks Orchard Road;Croydon
Midfield Way;Bromley
Rochester Way;Greenwich
Bellingham Road;Lewisham
Avery Hill Road;Greenwich
Benhill Avenue;Sutton
High Street Whitton;Richmond upon Thames
Madeley Road;Ealing
Cox Lane;Kingston upon Thames
Vicarage Farm Road;Hounslow
High Street West Drayton;Hillingdon
Grosvenor Avenue;Sutton
Lionel Road North;Hounslow
Botwell Lane;Hillingdon
Peterborough Road;Harrow
Rickmansworth Road;Hillingdon
Margaret Road;Barnet
Long Lane;Barnet
Fulwell Avenue;Redbridge
Bridport Road;Enfield
Cudham Lane North;Bromley
Southborough Road;Bromley
Croham Valley Road;Croydon
Chelsfield Lane;Bromley
Layhams Road;Bromley
Lady Margaret Road;Ealing
South Lodge Avenue;Merton
Upminster Road North;Havering
The Bishop's Avenue;Barnet
Bilton Road;Ealing
Church Hill Road;Barnet
Anson Road;Brent
Squires Lane;Barnet
Victoria Road;Hillingdon
Harvill Road;Hillingdon
Willow Road;Enfield
New North Road;Redbridge
Shernhall Street;Waltham Forest
Upper Brentwood Road;Havering
Hilldene Avenue;Havering
Charlton Church Lane;Greenwich
Birchanger Road;Croydon
Belmont Road;Bexley
Verdant Lane;Lewisham
Plaistow Lane;Bromley
Eynsham Drive;Greenwich
Coomber Lane;Sutton
Printing House Lane;Hillingdon
Kings Road;Kingston upon Thames
Hall Road;Hounslow
Grove Road;Merton
Lynwood Road;Ealing
Elm Park;Harrow
College Road;Brent
Uppingham Avenue;Harrow
Hawardene Road;Brent
Salisbury Road;Haringey
Sharps Lane;Hillingdon
Wood End;Harrow
Grasmere Avenue;Brent
Uphill Road;Barnet
Ringwood Way;Enfield
Slough Lane;Brent
Whitehall Road;Hillingdon
Flanders Road;Newham
Park Lane;Haringey
Twickenham Road;Waltham Forest
Carter Drive;Havering
Quebec Road;Redbridge
Stevenage Road;Newham
York Road;Redbridge
Highview Gardens;Havering
Harrow Drive;Enfield
Goresbrook Road;Barking & Dagenham
Breamore Road;Redbridge
Orford Road;Waltham Forest
Southern Way;Greenwich
Durham Road;Bromley
Anglesea Road;Greenwich
Burnell Avenue;Bexley
Charlton Lane;Greenwich
Alnwick Road;Greenwich
Brangbourne Road;Lewisham
High Street Bromley;Bromley
Ridgeway East;Bexley
Grant Road;Croydon
Avenue Road;Bexley
Ashen Vale;Croydon
St. John's Road;Bromley
Central Avenue;Hillingdon
Wilton Crescent;Merton
Jubilee Avenue;Richmond upon Thames
Peterborough Road;Sutton
Station Road;Richmond upon Thames
Katharine Street;Croydon
Cannon Hill Lane;Merton
Mattock Lane;Ealing
Elmfield Avenue;Richmond upon Thames
Northcote Road;Richmond upon Thames
Green Lane Worcester Park;Sutton
Corfton Road;Ealing
Homeland Drive;Sutton
Streatham Common South;Lambeth
Manor Way;Hillingdon
Kingshill Avenue;Harrow
Ashford Road;Brent
Beechwood Avenue;Barnet
Edgwarebury Lane;Barnet
Shaftesbury Avenue (Brent);Brent
Twyford Avenue;Haringey
Keppel Road;Newham
Victoria Road;Redbridge
Somerville Road;Redbridge
Park End Road;Havering
Woodland Avenue;Bromley
Shepperton Road;Bromley
Ermington Road;Bexley
Cray Valley Road;Bromley
Old Manor Way;Bexley
Colborne Way;Sutton
Henley Avenue;Sutton
Beaconsfield Road;Ealing
Seymour Road;Richmond upon Thames
Grafton Road;Kingston upon Thames
Stanford Road;Merton
Broadwater Lane;Hillingdon
North Drive;Hillingdon
Woodstock Drive;Hillingdon
Somervell Road;Harrow
Weald Lane;Harrow
Woodfield Crescent;Ealing
Glengall Road;Barnet
Gloucester Close;Brent
Old Farm Avenue;Enfield
The Chase;Harrow
Gloucester Road Barnet;Barnet
Yeading Fork;Hillingdon
Drake Road;Harrow
Gladstone Avenue;Haringey
Constable Gardens;Harrow
Culloden Road;Enfield
Bessingby Road;Hillingdon
Muswell Road;Haringey
Abbots Road;Barnet
Upway;Barnet
Lydford Road;Brent
Kingsmead Avenue;Brent
Avon Road;Ealing
The Fairway;Brent
Munday Road;Newham
Holgate Road;Barking & Dagenham
Epstein Road;Greenwich
Altmore Avenue;Newham
Westrow Drive;Barking & Dagenham
Oliver Gardens;Newham
Tyberry Road;Enfield
Stockton Road;Enfield
King Street;Haringey
Lincoln Avenue;Barking & Dagenham
Godwin Road;Newham
Camborne Avenue;Havering
Chester Road;Haringey
Chalfont Road;Enfield
Wanlip Road;Newham
Fuller Road;Barking & Dagenham
Primrose Road;Waltham Forest
Epsom Road;Waltham Forest
Leadale Avenue;Waltham Forest
Armada Way;Newham
Mowbrays Road;Havering
Beattyville Gardens;Redbridge
Morley Road;Barking & Dagenham
Chadwick Avenue;Waltham Forest
Williams Avenue;Waltham Forest
Bressey Grove;Redbridge
Woodland Crescent;Greenwich
Davenport Road;Lewisham
Balmoral Avenue;Bromley
Purley Oaks Road;Croydon
Wallhouse Road;Bexley
Denmark Road;Croydon
Linton Glade;Croydon
Amherst Drive;Bromley
Riddons Road;Lewisham
Overdown Road;Lewisham
The Glade;Greenwich
Glentrammon Road;Bromley
Mickleham Road;Bromley
Dowanhill Road;Lewisham
Duke of Wellington Avenue;Greenwich
Alsike Road;Bexley
Galloway Drive;Bexley
Park Hill Road;Bromley
Blythe Hill Lane;Lewisham
Willet Way;Bromley
Conway Road;Greenwich
Manor Road;Bexley
Canterbury Road;Hounslow
Harvard Hill;Hounslow
Grovelands Road;Croydon
Vernon Road;Richmond upon Thames
Yeading Gardens;Hillingdon
Staveley Gardens;Hounslow
Cooper Road;Croydon
Pepys Road;Merton
Goldwell Road;Croydon
Cardinal Avenue;Kingston upon Thames
Wigmore Road;Sutton
Worcester Road;Sutton
Ashburnham Road;Richmond upon Thames
Argyle Avenue;Hounslow
Durham Road;Hounslow
St. Marks Road;Ealing
Priory Road;Richmond upon Thames
Windham Road;Richmond upon Thames
Natal Road;Lambeth
Conway Gardens;Merton
Mount Park Road;Ealing
Gorringe Park Avenue;Merton
Frensham Drive;Wandsworth
North Road;Ealing
Churston Drive;Merton
Senlac Road;Lewisham
Grand Union Canal (Ruislip Road);Ealing
Cowley Bridge Lock;Hillingdon
Harrow School playing fields;Harrow
Grand Union Canal (Abbey Road);Brent
Alexandra Park;Haringey
Harrow Weald Recreation Ground;Harrow
North Way;Hillingdon
Belmont Trail;Harrow
Hilly Fields Park;Enfield
Grand Union Canal (Alperton);Brent
Summerhouse Lane;Hillingdon
Tokyngton Recreation Ground;Brent
Widewater Lock;Hillingdon
Newton Farm Ecology Park;Harrow
Dollis Brook Walk;Barnet
Rectory Park;Ealing
Perivale Park;Ealing
Jim O'Neill Walk;Hillingdon
Park Road;Redbridge
Organ Lane;Waltham Forest
Raphael Park;Havering
River Lee Ponders End;Enfield
Greenway (Manor Road);Newham
Parsloes Park;Barking & Dagenham
Ferry Lane towpath;Haringey
Dagnam Park;Havering
Lloyd Park;Waltham Forest
Thames Path (Rainham);Havering
Thames Path (Thamesmead);Greenwich
Albany Park;Enfield
Epping Forest;Waltham Forest
Becton Corridor;Newham
Central Park;Barking & Dagenham
River Lee Ordnance Road;Enfield
Excel Marina;Newham
Poplar Place cycle path;Greenwich
Durants Park;Enfield
Lordship Recreation Ground;Haringey
Mayesbrook Park;Barking & Dagenham
Valentines Park;Redbridge
Roding River path (Barking);Barking & Dagenham
Alders Brook;Newham
Southborough Lane;Bromley
Chinbrook Meadows;Bromley
Crane Street;Greenwich
Bexley Park Wood;Bexley
Harrington Road;Croydon
Woolwich Common;Greenwich
Yew Tree Way;Croydon
Thames Path (Erith);Bexley
Thames Path (Greenwich Yacht Club);Greenwich
Ashburton Playing Fields;Croydon
Ladywell Fields;Lewisham
Duke Humphrey Road;Lewisham
Maylands Drive;Bexley
Parsonage Manorway cycle path;Bexley
Cator Park;Bromley
Thames Path (Twickenham Bridge);Richmond upon Thames
Grand Union Canal (Hayes & Harlington);Hillingdon
River Crane path (Whitton);Richmond upon Thames
Church Fields Recreation Ground;Kingston upon Thames
Brent river path (Trumpers Way);Ealing
Thames Path (Mortlake);Richmond upon Thames
Whatley Avenue;Merton
Hanworth Park;Hounslow
Grand Union Canal (Trout Road);Hillingdon
Brent Valley;Ealing
Wandle Way (Windsor Avenue);Merton
Bridle Path;Sutton
Morden Hall Park;Merton
The Chase;Merton
Little Benty footbridge;Hillingdon
Bedfont Road (MVF);Hounslow
Collingwood Road Recreation Ground;Sutton
Walpole Park;Ealing
Grand Union Canal (Norwood Road);Ealing
Green Lane;Merton
Stockley Country Park;Hillingdon
Tolworth Rise (path access);Kingston upon Thames
Thames Path (Richmond);Richmond upon Thames
Glen Walk;Hounslow
Bushy Park Church Grove;Richmond upon Thames
Thames Path (Lower Ham Road);Kingston upon Thames
Upper Ground;Lambeth
Cornwall Road (north);Lambeth
Webber Street (east);Southwark
Great Suffolk Street (south);Southwark
Trinity Street;Southwark
Law Street / Rothsay Street;Southwark
Willow Walk;Southwark
Oxley Close;Southwark
Ilderton Road (South Bermondsey);Southwark
Canal Road;Lewisham
Childers Street;Lewisham
Deptford High Street;Lewisham
Webber Street (west);Lambeth
Clinton Crescent;Redbridge
Fairlop Fields;Redbridge
Deptford Creek Bridge;Lewisham
Waterloo Road;Redbridge
Sandringham Gardens;Redbridge
Selborne Road;Waltham Forest
Ashurst Drive;Redbridge
Valentines Park;Redbridge
Coopermill Lane;Waltham Forest
Coppermill Lane Waterside;Waltham Forest
Leyton Marshes;Waltham Forest
Lea Valley Walk (Hackney side);Hackney
Hackney Marsh;Hackney
South Millfields Park;Hackney
Powerscroft Road;Hackney
Chatham Place;Hackney
Middleton Road;Hackney
Northchurch Road;Hackney
Colebrooke Row;Islington
River Street;Islington
Calthorpe Street;Camden
Guilford Street;Camden
Outer Circle (west);Westminster
Ordnande Hill;Westminster
Fairhazel Gardens;Camden
Maygrove Road;Camden
Chatsworth Road;Brent
St. Paul's Avenue;Brent
Windmill Drive;Wandsworth
A406 crossing;Redbridge
Meymott Street;Southwark
Great Suffolk Street (north);Southwark
Trinity Street (east);Southwark
Southwark Bridge Road;Southwark
Southwark Bridge Road (south);Southwark
Rockingham Street;Southwark
Rodney Place;Southwark
Portland Street;Southwark
Edmund Street;Southwark
Camberwell Grove;Southwark
Green Dale;Southwark
Calton Avenue;Southwark
Turney Road;Southwark
College Road;Southwark
Rosendale Road;Lambeth
Rosendale Road South;Lambeth
Dulwich Wood;Southwark
College Road (south);Southwark
Alleyn Park;Southwark
College Road Sydenham Hill;Southwark
Capel Road;Newham
Wanstead Flats;Redbridge
Cemetery Road;Newham
East Village;Newham
A12 crossing (Cadogan Close);Tower Hamlets
Victoria Park;Tower Hamlets
Parnell Road;Tower Hamlets
Meath Gardens;Tower Hamlets
St. Stephens Road;Tower Hamlets
Hewison Street;Tower Hamlets
Lichfield Road;Tower Hamlets
Baylis Road;Lambeth
Hercules Road;Lambeth
Newport Street;Lambeth
Vauxhall Walk;Lambeth
South Lambeth Road (at Vauxhall);Lambeth
South Lambeth Road;Lambeth
Tooting Bec Common (north);Wandsworth
Larkhall Lane;Lambeth
Clapham Old Town;Lambeth
Clapham Common;Lambeth
Cavendish Road South Circular;Lambeth
Alderbrook Road;Wandsworth
Cavendish Road;Wandsworth
Tooting Bec Common (south);Wandsworth
Tooting Bec Road;Wandsworth
Riggindale Road;Lambeth
Potters Lane;Lambeth
Ellison Road;Lambeth
Norbury Avenue;Croydon
Boswell Road;Croydon
The Crescent;Croydon
Kimberley Road;Croydon
Parsons Mead;Croydon
Bedford Park;Croydon
Sydenham Road;Croydon
Lansdowne;Lambeth
Thurleigh Road;Wandsworth
Wandsworth Common;Wandsworth
Magdalen Road;Wandsworth
Wandle Way (Earlsfield);Merton
Kohat Road;Merton
Ashcombe Road;Merton
Queens Road;Merton
South Park Road;Merton
Wandle Meadow;Merton
Bancroft Road railway bridge;Tower Hamlets
Cephas Street;Tower Hamlets
Cambridge Heath Road;Tower Hamlets
Cycle path (Bermondsey station - MVF);Southwark
Flyover at Senegal Road (MVF cycle path);Lewisham
Park Avenue North;Brent
Gladstone Park;Brent
Wandle Meadow Natural Park;Merton
Roseneth Road;Wandsworth
Meadow Road;Lambeth
Aldebert Terrace;Lambeth
Bromell's  Road;Lambeth
Clapham Common;Lambeth
Tooting Bec Common;Wandsworth
Barkingside (at Crown Road);Redbridge
Saxton Road;Tower Hamlets
Mission Grove;Waltham Forest
Harleyford Road (Kennington Oval);Lambeth
Harleyford Road (2);Lambeth
Prebend Street;Islington
Thameside Walk (Crossness lighthouse);Bexley
Thames Path (Thamesmead);Greenwich
Thames Path (Woolwich Ferry);Greenwich
Thames Path (Defiance Walk);Greenwich
Thames Path (Ancorage Point Ind Estate);Greenwich
Thames Path (Greenwich Yacht Club);Greenwich
Thames Path (Greenwich Peninsula);Greenwich
Southern Way;Greenwich
Thames Path (Wood Wharf Bridge);Greenwich
Thames Path (University of Greenwich);Greenwich
Blackwall Tunnel overbridge;Greenwich
Greenway (North Beckton);Newham
Greenway (Manor Road);Newham
Queen Elizabeth Park (Greenway);Newham
Greenway (at Balham Street);Newham
Greenway (Lee Vally Regional Park);Newham
Greenway (at Prince Regent Street);Newham
Thames Path (Fulford Street);Southwark
Jamaica Road (west);Southwark
Wolseley Street;Southwark
Swan Road;Southwark
Bermondsey Wall East;Southwark
Bean Road;Bexley
Danson Park;Bexley
Riefield Road;Greenwich
Edith Nesbit Walk;Greenwich
Kidbrooke interchange (underpass);Greenwich
Kidbrooke Gardens;Greenwich
Duke Humphrey Road;Lewisham
The Avenue;Greenwich
Straightsmouth;Greenwich
Hyde Vale;Greenwich
Rochester Way (local street);Greenwich
Glenesk Road;Greenwich
Tanner Street;Southwark
Rotherhithe Street;Southwark
Mauritius Road;Greenwich
Grand Union Canal (by Horton Bridge);Hillingdon
Grand Union Canal (Waterway business park);Hillingdon
Grand Union Canal (Hayes & Harlington);Hillingdon
Grand Union Canal (Bankside);Ealing
Grand Union Canal (Spikes Bridge moorings);Ealing
Grand Union Canal (Ruislip Road);Ealing
Grand Union Canal (by The Metropolitan Centre);Ealing
Grand Union Canal (by Oldfield Lane);Ealing
Grand Union Canal (Alperton);Brent
Grand Union Canal (by Water Road);Brent
Grand Union Canal (Abbey Road);Brent
Grand Union Canal (Acton Lane);Ealing
Canal Way by Scrubs Lane//Mitre Bridge;Hammersmith & Fulham
Grand Union Canal (Ladbroke Grove);Kensington & Chelsea
Cycle lane (pedestrian/cycle path);Westminster
East Acton Station;Hammersmith & Fulham
Wormwood Scrubs (Baybrook Street);Hammersmith & Fulham
Scrubs Lane (by Mitre Way);Hammersmith & Fulham
Latimer Road (by Latimer Place);Kensington & Chelsea
Darfield Way;Kensington & Chelsea
High Street (by Landmark Arts Centre);Richmond upon Thames
Riverside Drive;Richmond upon Thames
Ham Gate Avenue (east side of Upper Ham Road);Richmond upon Thames
Cycle path (by Ham Cross plantation);Richmond upon Thames
Cycle path (by polo field);Richmond upon Thames
Cycle path (by Pen's Pond Cafe);Richmond upon Thames
Roahampton Gate (Richmond Park);Wandsworth
Danebury Avenue;Wandsworth
Telegraph Road (by Tibbet's Corner);Wandsworth
Tibbet's Corner;Wandsworth
Beaumont (j/w Linstead Way);Wandsworth
Granville Road (west of Merton Road);Wandsworth
King George's Park;Wandsworth
Allfarthing (j/w Vermont Road);Wandsworth
Burgess Park;Southwark
Addington way;Southwark
Bethwin Road;Southwark
John Ruskin Street;Southwark
Grand Union Canal (Great Western Road);Westminster
Grand Union Canal (Old Oak Lane);Hammersmith & Fulham
Grand Union Canal (Horsenden Lane);Ealing
Tangley Grove;Wandsworth
High Street;Richmond upon Thames
Claremont Square;Islington
Barnsbury Road;Islington
Drayton Park;Islington
Finsbury Park (at the gate);Haringey
Oakfields Road (j/w Endymion Road);Haringey
Newland Road;Haringey
Dukes Avenue;Haringey
Alexandra Road (by Muswell golf course);Haringey
Friern Bridge Retail Park;Barnet
Goldsmith Road;Barnet
Ashurst Road;Barnet
New River Path (south of Western Road);Haringey
Nightingale Gardens ;Haringey
Palmestron Road;Haringey
Madras Place;Islington
Glebe Road;Haringey
Orion Road;Barnet
Kennington Park;Lambeth
Cooper's Road ;Southwark
Sumner Road;Southwark
Jocelyn Street;Southwark
Peckham Rye;Southwark
Brockley Way;Lewisham
Ewhurst Road;Lewisham
Ladywell Fields;Lewisham
Rye Lane;Southwark
Brass Talley Alley;Southwark
Russia Dock Woodland;Southwark
Rope Street;Southwark
Foreshore;Lewisham
Gosterwood Street;Lewisham
Station approach (Beckenham);Bromley
Pool riverside path;Bromley
Kangley Bridge Road;Lewisham
Pool river path;Lewisham
Riverview Walk;Lewisham
Ravensbourne river bridge;Lewisham
Algernon Road;Lewisham
Elmira Street;Lewisham
Colbath Street;Greenwich
Blisset Street;Greenwich
Tarves Way;Greenwich
Jenkins Lane;Newham
Highbridge Road;Barking & Dagenham
Ripple Road;Barking & Dagenham
Ruislip Road East;Ealing
B455;Ealing
Kent Avenue;Ealing
Montague Road;Ealing
GoRoadon Road;Ealing
Antelope Road;Greenwich
Repository Road;Greenwich
Stadium Road;Greenwich
Corelli Road;Greenwich
Kelbrook Road;Greenwich
Birdbrook Road;Greenwich
Weigall Road;Greenwich
Brookhill Road;Greenwich
River path;Merton
Buckfast Road;Merton
Malmesbury Road;Merton
Grennell Road;Sutton
Benhill Wood Road;Sutton
Lime Avenue;Hounslow
Church Street;Hounslow
Worple Road;Hounslow
Crane Avenue;Hounslow
Cole Park Road;Richmond upon Thames
Hillside Road;Lambeth
Trinity Rise;Lambeth
Rosendale Road;Lambeth
Barry Road;Southwark
Friern Road;Southwark
Northwick Avenue;Brent
Elmwood Avenue;Harrow
Peel Road;Harrow
Whitefriars Avenue;Harrow
Chatsworth Road;Hackney
South Park Road;Merton